"username","source_type","source","html_url","state","created_at","closed_at","repository","title","type"
"adamkucharski","repo","mrc-ide/EpiEstim","https://github.com/mrc-ide/EpiEstim/issues/162","open",2023-09-21 12:28:42,NA,"mrc-ide/EpiEstim","Matching vector lengths to original timeseries","issue"
"adamkucharski","repo","mrc-ide/odin","https://github.com/mrc-ide/odin/issues/316","open",2024-07-25 06:09:08,NA,"mrc-ide/odin","Handing products for multiplicative interventions","issue"
"alxsrobert","repo","alxsrobert/o2geosocial","https://github.com/alxsrobert/o2geosocial/pull/3","closed",2024-06-21 16:55:09,2024-06-21 16:57:31,"alxsrobert/o2geosocial","Fix segmentation fault (in R-devel)","pull_request"
"avallecam","org","r-lib","https://github.com/r-lib/pkgdown/issues/2729","open",2024-07-23 13:28:58,NA,"r-lib/pkgdown","`plot()` outputs require white background (or white lines?) for the dark mode website","issue"
"avallecam","org","ropensci-review-tools","https://github.com/ropensci-review-tools/babeldown/issues/87","open",2025-06-18 11:33:02,NA,"ropensci-review-tools/babeldown","Error `! HTTP 400 Bad Request.` when creating a Spanish to English glossary","pull_request"
"avallecam","org","ropensci-review-tools","https://github.com/ropensci-review-tools/babeldown/pull/86","closed",2025-06-17 11:35:57,NA,"ropensci-review-tools/babeldown","add comment to API URL step","pull_request"
"avallecam","org","ropensci-review-tools","https://github.com/ropensci-review-tools/babeldown/issues/85","closed",2025-06-16 16:31:53,NA,"ropensci-review-tools/babeldown","Error `! HTTP 403 Forbidden.` with an active key","pull_request"
"avallecam","org","carpentries","https://github.com/carpentries/sandpaper-docs/pull/235","closed",2025-06-09 11:57:34,2025-06-09 15:09:52,"carpentries/sandpaper-docs","fix typo","pull_request"
"avallecam","org","carpentries","https://github.com/carpentries/sandpaper-docs/issues/236","open",2025-06-09 11:56:02,2025-06-09 15:09:52,"carpentries/sandpaper-docs","add optional steps to activate workflows and gh-pages after fork a lesson","pull_request"
"avallecam","org","carpentries","https://github.com/carpentries/workbench-template-rmd/pull/84","closed",2025-04-09 14:53:04,2025-06-09 15:09:52,"carpentries/workbench-template-rmd","update code of conduct and reporting links","pull_request"
"avallecam","org","carpentries","https://github.com/carpentries/lesson-development-training/pull/337","closed",2024-02-01 18:37:27,2025-06-09 15:09:52,"carpentries/lesson-development-training","fix icebreaker link","pull_request"
"avallecam","org","carpentries","https://github.com/carpentries/workbench-template-rmd/issues/62","open",2023-12-18 13:10:25,2025-06-09 15:09:52,"carpentries/workbench-template-rmd","add README's to subfolders within `episodes/`","pull_request"
"avallecam","org","carpentries","https://github.com/carpentries/workbench/issues/75","closed",2023-10-27 17:47:19,2025-06-09 15:09:52,"carpentries/workbench","Error: versionSpec parameter is required","pull_request"
"avallecam","org","carpentries","https://github.com/carpentries/sandpaper-docs/issues/169","closed",2023-10-25 16:07:37,2025-06-09 15:09:52,"carpentries/sandpaper-docs","add step to uncheck ""copy the main branch only"" to fork a lesson","pull_request"
"avallecam","org","carpentries","https://github.com/carpentries/workbench/pull/61","closed",2023-06-16 11:29:16,2025-06-09 15:09:52,"carpentries/workbench","replace glossary link in faq file","pull_request"
"avallecam","org","carpentries","https://github.com/carpentries/workbench/issues/60","closed",2023-06-16 11:17:45,2025-06-09 15:09:52,"carpentries/workbench","replace glossary link in faq file","pull_request"
"avallecam","repo","reconhub/incidence","https://github.com/reconhub/incidence/issues/134","closed",2025-04-10 14:10:47,2025-04-10 15:18:44,"reconhub/incidence","on `incidence2` and `simulist` interoperability","pull_request"
"avallecam","repo","reconverse/incidence2","https://github.com/reconverse/incidence2/issues/120","closed",2024-10-06 17:19:54,2024-10-06 18:39:55,"reconverse/incidence2","using `select()` in an `<incidence2>` object drops the `<tibble>` class","issue"
"avallecam","repo","reconverse/incidence2","https://github.com/reconverse/incidence2/issues/113","closed",2024-03-30 13:54:31,2024-10-06 18:39:55,"reconverse/incidence2","NA values in observations cause a value of NA to be returned","issue"
"bahadzie","org","r-lib","https://github.com/r-lib/rig/pull/283","closed",2025-05-22 11:48:45,2025-05-22 14:07:51,"r-lib/rig","fix: minor typos in README.Rmd and faq.Rmd","pull_request"
"bahadzie","org","r-lib","https://github.com/r-lib/rig/issues/282","closed",2025-05-22 11:46:09,2025-05-22 14:07:51,"r-lib/rig","Minor typos in `README.Rmd` and `faq.Rmd`","pull_request"
"bahadzie","org","r-lib","https://github.com/r-lib/pkgcache/pull/100","closed",2023-09-11 00:39:02,2025-05-22 14:07:51,"r-lib/pkgcache","Patch-1","pull_request"
"bahadzie","org","r-lib","https://github.com/r-lib/actions/pull/757","closed",2023-09-02 02:03:27,2025-05-22 14:07:51,"r-lib/actions","Update setup-pandoc.ts to install linux arm64","pull_request"
"bahadzie","org","r-lib","https://github.com/r-lib/roxygen2/pull/1500","closed",2023-07-07 13:31:11,2025-05-22 14:07:51,"r-lib/roxygen2","Minor typos in documentation","pull_request"
"bahadzie","org","r-lib","https://github.com/r-lib/roxygen2/issues/1498","closed",2023-07-07 13:28:41,2025-05-22 14:07:51,"r-lib/roxygen2","Minor typos in documentation","pull_request"
"bahadzie","org","r-lib","https://github.com/r-lib/lintr/pull/1973","closed",2023-06-01 12:39:20,2025-05-22 14:07:51,"r-lib/lintr","Minor typos in NEWS","pull_request"
"bahadzie","org","r-lib","https://github.com/r-lib/lintr/pull/1972","closed",2023-05-31 19:43:05,2025-05-22 14:07:51,"r-lib/lintr","Minor typos in NEWS.md","pull_request"
"bahadzie","org","r-lib","https://github.com/r-lib/lintr/issues/1971","closed",2023-05-31 19:41:51,2025-05-22 14:07:51,"r-lib/lintr","Minor typos in NEWS.md","pull_request"
"Bisaloo","org","ropensci","https://github.com/ropensci/lightr/pull/80","closed",2025-08-03 13:10:52,2025-08-03 13:50:58,"ropensci/lightr","Simplify some `vapply()`","pull_request"
"Bisaloo","org","ropensci","https://github.com/ropensci/lightr/issues/78","closed",2025-07-27 20:24:23,2025-08-03 13:50:58,"ropensci/lightr","Move all deprecated function in a dedicated `deprecated.R` file","pull_request"
"Bisaloo","org","ropensci","https://github.com/ropensci/lightr/issues/77","open",2025-07-25 16:21:49,2025-08-03 13:50:58,"ropensci/lightr","Move data from scope-only files from ""processed"" column to ""scope"" column","pull_request"
"Bisaloo","org","ropensci","https://github.com/ropensci/lightr/issues/76","closed",2025-07-21 13:55:24,2025-08-03 13:50:58,"ropensci/lightr","Release lightr 1.9.0","pull_request"
"Bisaloo","org","ropensci","https://github.com/ropensci/lightr/pull/75","closed",2025-07-20 17:22:42,2025-08-03 13:50:58,"ropensci/lightr","Parse metadata from spc","pull_request"
"Bisaloo","org","ropensci","https://github.com/ropensci/lightr/pull/74","closed",2025-07-19 21:23:40,2025-08-03 13:50:58,"ropensci/lightr","Make snapshot tests human readable","pull_request"
"Bisaloo","org","ropensci","https://github.com/ropensci/lightr/issues/73","open",2025-07-18 12:04:54,2025-08-03 13:50:58,"ropensci/lightr","Support StellarNet files","pull_request"
"Bisaloo","org","ropensci","https://github.com/ropensci/lightr/issues/71","closed",2025-07-18 11:48:40,2025-08-03 13:50:58,"ropensci/lightr","Rename low-level parsers by adding brand name before extensions","pull_request"
"Bisaloo","org","ropensci","https://github.com/ropensci/lightr/pull/70","closed",2025-07-08 11:15:28,2025-08-03 13:50:58,"ropensci/lightr","2025 upkeep","pull_request"
"Bisaloo","org","ropensci","https://github.com/ropensci/lightr/issues/69","closed",2025-07-08 10:14:13,2025-08-03 13:50:58,"ropensci/lightr","Upkeep for lightr (2025)","pull_request"
"Bisaloo","org","ropensci","https://github.com/ropensci/lightr/issues/68","closed",2025-06-07 15:08:06,2025-08-03 13:50:58,"ropensci/lightr","2025 package upkeep","pull_request"
"Bisaloo","org","ropensci","https://github.com/ropensci/lightr/pull/67","closed",2025-05-29 12:44:34,2025-08-03 13:50:58,"ropensci/lightr","Update lintr workflow","pull_request"
"Bisaloo","org","ropensci","https://github.com/ropensci/lightr/pull/66","closed",2025-05-29 12:04:49,2025-08-03 13:50:58,"ropensci/lightr","Create design-vignette","pull_request"
"Bisaloo","org","ropensci","https://github.com/ropensci/lightr/issues/65","closed",2024-12-01 17:05:56,2025-08-03 13:50:58,"ropensci/lightr","Release lightr 1.8.0","pull_request"
"Bisaloo","org","ropensci","https://github.com/ropensci/lightr/pull/64","closed",2024-11-18 10:13:57,2025-08-03 13:50:58,"ropensci/lightr","Address tzdata breaking changes","pull_request"
"Bisaloo","org","ropensci","https://github.com/ropensci/roweb3/pull/886","closed",2024-11-15 11:38:49,2025-08-03 13:50:58,"ropensci/roweb3","Add first draft for blog post on fork/upstream relationship","pull_request"
"Bisaloo","org","ropensci","https://github.com/ropensci/lightr/pull/63","closed",2024-07-09 16:18:24,2025-08-03 13:50:58,"ropensci/lightr","Add future in Suggests","pull_request"
"Bisaloo","org","ropensci","https://github.com/ropensci/lightr/pull/62","closed",2024-05-24 11:55:46,2025-08-03 13:50:58,"ropensci/lightr","Update test-coverage workflow from upstream","pull_request"
"Bisaloo","org","ropensci","https://github.com/ropensci/lightr/issues/61","closed",2024-03-21 18:52:16,2025-08-03 13:50:58,"ropensci/lightr","Release lightr 1.7.1","pull_request"
"Bisaloo","org","ropensci","https://github.com/ropensci/spelling/issues/82","open",2024-03-21 09:43:38,2025-08-03 13:50:58,"ropensci/spelling","`update_wordlist()` claims that it will remove from WORDLIST words from `SPELLING_WORDLIST`","pull_request"
"Bisaloo","org","ropensci","https://github.com/ropensci/lightr/pull/60","closed",2024-03-18 11:17:28,2025-08-03 13:50:58,"ropensci/lightr","Run tests on mac M1","pull_request"
"Bisaloo","org","ropensci","https://github.com/ropensci/spelling/issues/80","closed",2024-02-14 10:17:59,2025-08-03 13:50:58,"ropensci/spelling","Add support to multiple WORDLISTs","pull_request"
"Bisaloo","org","ropensci","https://github.com/ropensci/lightr/pull/59","closed",2023-07-26 12:31:54,2025-08-03 13:50:58,"ropensci/lightr","Try ignoring bib files in stats","pull_request"
"Bisaloo","org","ropensci","https://github.com/ropensci/spelling/issues/73","open",2023-06-19 15:39:25,2025-08-03 13:50:58,"ropensci/spelling","Add support for using multiple dictionaries / languages","pull_request"
"Bisaloo","org","ropensci","https://github.com/ropensci/lightr/pull/58","closed",2023-06-11 11:37:09,2025-08-03 13:50:58,"ropensci/lightr","Pass parser arguments as `...` and add dedicated csv parser","pull_request"
"Bisaloo","org","ropensci","https://github.com/ropensci/lightr/issues/57","open",2023-06-09 16:30:39,2025-08-03 13:50:58,"ropensci/lightr","Review pkg verbosity","pull_request"
"Bisaloo","org","ropensci","https://github.com/ropensci/lightr/pull/56","closed",2023-06-09 16:06:02,2025-08-03 13:50:58,"ropensci/lightr","Silence more warnings() in tests","pull_request"
"Bisaloo","org","ropensci","https://github.com/ropensci/lightr/issues/55","open",2023-06-09 14:07:20,2025-08-03 13:50:58,"ropensci/lightr","Allow passing a vector of paths in `where`","pull_request"
"Bisaloo","org","ropensci","https://github.com/ropensci/lightr/pull/54","closed",2023-06-09 12:26:36,2025-08-03 13:50:58,"ropensci/lightr","Fix 'argument is of length zero' error","pull_request"
"Bisaloo","org","ropensci","https://github.com/ropensci/lightr/issues/52","open",2023-04-22 08:10:47,2025-08-03 13:50:58,"ropensci/lightr","Support for files produced by AvaSoft 8.4","pull_request"
"Bisaloo","org","ropensci","https://github.com/ropensci/lightr/pull/51","closed",2023-04-21 07:54:34,2025-08-03 13:50:58,"ropensci/lightr","Mention maintainer google drive folder","pull_request"
"Bisaloo","org","ropensci","https://github.com/ropensci/software-review/issues/584","closed",2023-03-22 16:22:15,2025-08-03 13:50:58,"ropensci/software-review","xlcutter: Parse Batches of 'xlsx' Files Based on a Template","pull_request"
"Bisaloo","org","ropensci","https://github.com/ropensci/postdoc/issues/2","closed",2022-11-30 07:44:25,2025-08-03 13:50:58,"ropensci/postdoc","Manual includes functions marked with `@internal`","pull_request"
"Bisaloo","org","ropensci","https://github.com/ropensci/handlr/issues/34","open",2022-11-28 09:39:56,2025-08-03 13:50:58,"ropensci/handlr","Add `.zenodo.json` writer","pull_request"
"Bisaloo","org","ropensci","https://github.com/ropensci/lightr/pull/50","closed",2022-11-06 20:13:56,2025-08-03 13:50:58,"ropensci/lightr","Use lintr to test that endian is always specified","pull_request"
"Bisaloo","org","ropensci","https://github.com/ropensci/lightr/pull/49","closed",2022-11-05 14:00:51,2025-08-03 13:50:58,"ropensci/lightr","Add .lintr to .Rbuildignore","pull_request"
"Bisaloo","org","ropensci","https://github.com/ropensci/lightr/pull/48","closed",2022-11-05 12:55:30,2025-08-03 13:50:58,"ropensci/lightr","Add NEWS about lintr","pull_request"
"Bisaloo","org","ropensci","https://github.com/ropensci/lightr/pull/47","closed",2022-11-03 12:19:41,2025-08-03 13:50:58,"ropensci/lightr","Add lintr","pull_request"
"Bisaloo","org","ropensci","https://github.com/ropensci/dev_guide/pull/501","closed",2022-08-23 12:32:27,2025-08-03 13:50:58,"ropensci/dev_guide","Add instructions to document defaults","pull_request"
"Bisaloo","org","ropensci","https://github.com/ropensci/lightr/issues/45","closed",2022-05-13 11:01:02,2025-08-03 13:50:58,"ropensci/lightr","Release lightr 1.7.0","pull_request"
"Bisaloo","org","ropensci","https://github.com/ropensci/dev_guide/issues/439","closed",2022-04-12 09:45:12,2025-08-03 13:50:58,"ropensci/dev_guide","Recommend / mandate that all defaults are clearly documented","pull_request"
"Bisaloo","org","ropensci","https://github.com/ropensci/cffr/issues/32","closed",2022-04-06 14:11:55,2025-08-03 13:50:58,"ropensci/cffr","Add function to create CITATION.cff from codemeta.json","pull_request"
"Bisaloo","org","ropensci","https://github.com/ropensci/lightr/issues/44","closed",2021-11-08 18:09:47,2025-08-03 13:50:58,"ropensci/lightr","Release lightr 1.6.2","pull_request"
"Bisaloo","org","ropensci","https://github.com/ropensci/lightr/issues/43","closed",2021-11-08 09:38:08,2025-08-03 13:50:58,"ropensci/lightr","Release lightr 1.6.1","pull_request"
"Bisaloo","org","r-lib","https://github.com/r-lib/lintr/issues/2915","open",2025-08-02 13:55:45,NA,"r-lib/lintr","Check for new function arguments in `backport_linter()`","pull_request"
"Bisaloo","org","r-lib","https://github.com/r-lib/lintr/issues/2908","open",2025-07-30 14:39:54,NA,"r-lib/lintr","Recommend `!is.unsorted()` instead of `identical(x, sort(x))` in `sort_linter()`","pull_request"
"Bisaloo","org","r-lib","https://github.com/r-lib/lintr/pull/2907","open",2025-07-30 12:43:08,NA,"r-lib/lintr","Implement ""auto"" r_version value in backport_linter()","pull_request"
"Bisaloo","org","r-lib","https://github.com/r-lib/lintr/issues/2898","open",2025-07-26 18:12:37,NA,"r-lib/lintr","Flag potential for optimized `rep()` calls","pull_request"
"Bisaloo","org","r-lib","https://github.com/r-lib/lintr/pull/2894","closed",2025-07-26 14:46:35,NA,"r-lib/lintr","Update sprintf_linter() to lint constant strings","pull_request"
"Bisaloo","org","r-lib","https://github.com/r-lib/lintr/pull/2892","closed",2025-07-25 20:52:37,NA,"r-lib/lintr","Fix matrix_apply_linter() with interweaved comments","pull_request"
"Bisaloo","org","r-lib","https://github.com/r-lib/lintr/issues/2891","open",2025-07-25 12:16:20,NA,"r-lib/lintr","Recommend factoring logical negation outside of loops","pull_request"
"Bisaloo","org","r-lib","https://github.com/r-lib/lintr/pull/2890","closed",2025-07-24 14:47:45,NA,"r-lib/lintr","Support cases of stop(sprintf( in condition_call_linter","pull_request"
"Bisaloo","org","r-lib","https://github.com/r-lib/lintr/pull/2888","closed",2025-07-23 10:57:30,NA,"r-lib/lintr","Apply condition_call_linter() only on string literals","pull_request"
"Bisaloo","org","r-lib","https://github.com/r-lib/lintr/issues/2887","open",2025-07-22 09:19:48,NA,"r-lib/lintr","New xor_linter()","pull_request"
"Bisaloo","org","r-lib","https://github.com/r-lib/lintr/issues/2886","open",2025-07-22 09:12:33,NA,"r-lib/lintr","New apply_linter()","pull_request"
"Bisaloo","org","r-lib","https://github.com/r-lib/lintr/pull/2885","closed",2025-07-22 08:00:12,NA,"r-lib/lintr","Create all_equal_linter()","pull_request"
"Bisaloo","org","r-lib","https://github.com/r-lib/lintr/pull/2883","closed",2025-07-19 08:20:23,NA,"r-lib/lintr","Support case where specified method ignores mode in download_linter()","pull_request"
"Bisaloo","org","r-lib","https://github.com/r-lib/lintr/pull/2882","closed",2025-07-16 12:53:03,NA,"r-lib/lintr","Create download_file_linter()","pull_request"
"Bisaloo","org","r-lib","https://github.com/r-lib/lintr/pull/2881","closed",2025-07-15 20:29:14,NA,"r-lib/lintr","Enable unreachable_code_linter() in our own linting suite","pull_request"
"Bisaloo","org","r-lib","https://github.com/r-lib/lintr/pull/2861","closed",2025-06-04 11:40:37,NA,"r-lib/lintr","Clarify error message for backport_linter()","pull_request"
"Bisaloo","org","r-lib","https://github.com/r-lib/backports/pull/89","open",2025-05-30 18:52:45,NA,"r-lib/backports","Fix rcmdcheck GHA","pull_request"
"Bisaloo","org","r-lib","https://github.com/r-lib/backports/pull/88","open",2025-05-30 18:46:03,NA,"r-lib/backports","Add backport for `grepv()`","pull_request"
"Bisaloo","org","r-lib","https://github.com/r-lib/lintr/pull/2859","closed",2025-05-30 13:12:23,NA,"r-lib/lintr","Add new R 4.5.0 functions to backport_linter & update relative version names","pull_request"
"Bisaloo","org","r-lib","https://github.com/r-lib/commonmark/issues/38","open",2025-04-09 08:54:59,NA,"r-lib/commonmark","`_` in math expressions doesn't get parsed correctly when surrounded by curly braces","pull_request"
"Bisaloo","org","r-lib","https://github.com/r-lib/lintr/pull/2834","closed",2025-03-12 18:02:19,NA,"r-lib/lintr","Create list2df_linter()","pull_request"
"Bisaloo","org","r-lib","https://github.com/r-lib/lintr/pull/2833","closed",2025-03-12 13:43:00,NA,"r-lib/lintr","Make `backport_linter(r_version = )` default and options more explicit","pull_request"
"Bisaloo","org","r-lib","https://github.com/r-lib/actions/pull/989","closed",2025-03-10 17:03:40,NA,"r-lib/actions","Fix typo in pak-version param description","pull_request"
"Bisaloo","org","r-lib","https://github.com/r-lib/remotes/pull/826","closed",2025-02-25 14:54:51,NA,"r-lib/remotes","Add support for ubuntu 24.04","pull_request"
"Bisaloo","org","r-lib","https://github.com/r-lib/pkgdown/issues/2858","closed",2025-02-24 11:10:12,NA,"r-lib/pkgdown","New logo sizes for realfavicongenerator","pull_request"
"Bisaloo","org","r-lib","https://github.com/r-lib/pkgdown/pull/2803","closed",2024-10-25 13:03:06,NA,"r-lib/pkgdown","Delay check on bs version for building quarto articles","pull_request"
"Bisaloo","org","r-lib","https://github.com/r-lib/pkgdown/issues/2802","closed",2024-10-25 12:59:02,NA,"r-lib/pkgdown","""! Quarto articles require Bootstrap 5."" with no quarto articles","pull_request"
"Bisaloo","org","r-lib","https://github.com/r-lib/pkgdown/issues/2800","closed",2024-10-21 16:19:17,NA,"r-lib/pkgdown","Incomplete sentence in error message","pull_request"
"Bisaloo","org","r-lib","https://github.com/r-lib/rig/pull/251","closed",2024-09-27 09:50:26,NA,"r-lib/rig","Fix typo","pull_request"
"Bisaloo","org","r-lib","https://github.com/r-lib/lintr/issues/2647","closed",2024-08-08 08:35:12,NA,"r-lib/lintr","call. argument should not be added for custom conditions","pull_request"
"Bisaloo","org","r-lib","https://github.com/r-lib/lintr/issues/2634","closed",2024-07-22 12:30:46,NA,"r-lib/lintr","Add base pipe to `backport_linter()`","pull_request"
"Bisaloo","org","r-lib","https://github.com/r-lib/pkgdown/issues/2699","closed",2024-07-06 15:13:48,NA,"r-lib/pkgdown","Invalid ""use pkgdown::clean_site()"" advice","pull_request"
"Bisaloo","org","r-lib","https://github.com/r-lib/lintr/pull/2621","open",2024-06-22 12:54:28,NA,"r-lib/lintr","First draft for in_linter()","pull_request"
"Bisaloo","org","r-lib","https://github.com/r-lib/lintr/pull/2618","closed",2024-06-21 07:57:49,NA,"r-lib/lintr","Add potential `sequence()` lints to `seq_linter()`","pull_request"
"Bisaloo","org","r-lib","https://github.com/r-lib/pkgdown/pull/2669","closed",2024-06-19 10:23:06,NA,"r-lib/pkgdown","Fix typo which prevents finding templates","pull_request"
"Bisaloo","org","r-lib","https://github.com/r-lib/pkgdown/pull/2653","closed",2024-06-10 19:01:06,NA,"r-lib/pkgdown","Fix typo in NEWS","pull_request"
"Bisaloo","org","r-lib","https://github.com/r-lib/lintr/issues/2596","closed",2024-06-07 12:43:57,NA,"r-lib/lintr","New linter to recommend `list2DF()` base R function","pull_request"
"Bisaloo","org","r-lib","https://github.com/r-lib/lintr/issues/2595","closed",2024-06-07 12:29:33,NA,"r-lib/lintr","Extend seq_linter() to recommend `sequence()` base R function","pull_request"
"Bisaloo","org","r-lib","https://github.com/r-lib/usethis/issues/1972","closed",2024-04-03 09:23:18,NA,"r-lib/usethis","Use existing R versions for minimum required version","pull_request"
"Bisaloo","org","r-lib","https://github.com/r-lib/rcmdcheck/pull/219","open",2023-12-15 17:53:55,NA,"r-lib/rcmdcheck","Set _R_CHECK_CRAN_INCOMING_NOTE_GNU_MAKE_ to true","pull_request"
"Bisaloo","org","r-lib","https://github.com/r-lib/lintr/pull/2440","closed",2023-12-14 09:31:55,NA,"r-lib/lintr","Mention and link to correct fct in use_lintr()","pull_request"
"Bisaloo","org","r-lib","https://github.com/r-lib/lintr/pull/2411","closed",2023-12-10 13:57:07,NA,"r-lib/lintr","Handle comparison to negative non-integer in expect_identical_linter","pull_request"
"Bisaloo","org","r-lib","https://github.com/r-lib/lintr/issues/2410","closed",2023-12-10 13:37:50,NA,"r-lib/lintr","`expect_identical_linter()` doesn't skip cases with negative numeric constant","pull_request"
"Bisaloo","org","r-lib","https://github.com/r-lib/lintr/pull/2377","closed",2023-12-01 14:25:17,NA,"r-lib/lintr","Add `call. = FALSE` to `warning()` & `stop()` calls","pull_request"
"Bisaloo","org","r-lib","https://github.com/r-lib/lintr/issues/2310","closed",2023-11-18 10:12:45,NA,"r-lib/lintr","False positive in unnecessarry_lambda_linter()","pull_request"
"Bisaloo","org","r-lib","https://github.com/r-lib/lintr/issues/2253","closed",2023-11-03 16:40:56,NA,"r-lib/lintr","Linter warnings bubble up as config formatting errors with confusing message","pull_request"
"Bisaloo","org","r-lib","https://github.com/r-lib/lintr/issues/2252","open",2023-10-31 15:42:24,NA,"r-lib/lintr","Support cli functions in `extract_glued_symbols()`","pull_request"
"Bisaloo","org","r-lib","https://github.com/r-lib/lintr/issues/2231","closed",2023-10-06 08:57:05,NA,"r-lib/lintr","unnecessary_lambda_linter() gets confused by indexing in lambda function","pull_request"
"Bisaloo","org","r-lib","https://github.com/r-lib/lintr/pull/2226","closed",2023-10-03 20:19:03,NA,"r-lib/lintr","Create condition_call_linter","pull_request"
"Bisaloo","org","r-lib","https://github.com/r-lib/lintr/issues/2222","closed",2023-10-03 12:30:19,NA,"r-lib/lintr","Enforce use of `call. = FALSE` in `stop()` and `warning()`","pull_request"
"Bisaloo","org","r-lib","https://github.com/r-lib/lintr/issues/2200","closed",2023-09-20 13:22:04,NA,"r-lib/lintr","`namespace_imports()` gets confused by `except` argument in `import()`","pull_request"
"Bisaloo","org","r-lib","https://github.com/r-lib/lintr/issues/2183","open",2023-09-18 12:18:32,NA,"r-lib/lintr","Constant sprintf() calls","pull_request"
"Bisaloo","org","r-lib","https://github.com/r-lib/lintr/issues/2130","closed",2023-09-09 12:29:44,NA,"r-lib/lintr","Lint comparison to ""NA"" and ""NULL""","pull_request"
"Bisaloo","org","r-lib","https://github.com/r-lib/actions/pull/735","closed",2023-06-08 17:12:34,NA,"r-lib/actions","Clean pkgdown website on releases","pull_request"
"Bisaloo","org","r-lib","https://github.com/r-lib/lintr/issues/1974","open",2023-06-07 13:24:34,NA,"r-lib/lintr","Make `backport_linter()` more informative by default","pull_request"
"Bisaloo","org","r-lib","https://github.com/r-lib/usethis/pull/1851","closed",2023-06-05 13:59:18,NA,"r-lib/usethis","Do not add covr to Suggests in `use_coverage()`","pull_request"
"Bisaloo","org","r-lib","https://github.com/r-lib/usethis/issues/1844","closed",2023-05-22 12:27:59,NA,"r-lib/usethis","Make `use_coverage()` add covr to `Config/Needs/coverage` rather `Suggests`","pull_request"
"Bisaloo","org","r-lib","https://github.com/r-lib/lintr/issues/1965","open",2023-04-20 16:17:58,NA,"r-lib/lintr","Allow `expect_identical(names(x), names(y))`","pull_request"
"Bisaloo","org","r-lib","https://github.com/r-lib/usethis/issues/1818","open",2023-04-06 09:52:01,NA,"r-lib/usethis","Allow `release_bullets()` to go in any section","pull_request"
"Bisaloo","org","r-lib","https://github.com/r-lib/lintr/issues/1951","open",2023-04-05 12:48:11,NA,"r-lib/lintr","New `tolerance_linter()` to detect use of `round()` instead of a custom `tolerance` value","pull_request"
"Bisaloo","org","r-lib","https://github.com/r-lib/lintr/pull/1946","closed",2023-04-03 16:13:20,NA,"r-lib/lintr","Add missing spaces around ""and"" in glue_collapse()","pull_request"
"Bisaloo","org","r-lib","https://github.com/r-lib/usethis/pull/1754","closed",2023-01-25 13:50:15,NA,"r-lib/usethis","Add reminder to run use_github_links()","pull_request"
"Bisaloo","org","r-lib","https://github.com/r-lib/lintr/issues/1875","open",2022-12-23 17:12:47,NA,"r-lib/lintr","New linter to recommend using `%in%`","pull_request"
"Bisaloo","org","r-lib","https://github.com/r-lib/lintr/pull/1869","closed",2022-12-21 13:26:50,NA,"r-lib/lintr","Add `matrix_apply_linter()`","pull_request"
"Bisaloo","org","r-lib","https://github.com/r-lib/lintr/pull/1866","closed",2022-12-20 18:09:05,NA,"r-lib/lintr","Add new map_vec() to purrr_mappers vector","pull_request"
"Bisaloo","org","r-lib","https://github.com/r-lib/pkgdown/issues/2258","open",2022-12-19 13:53:22,NA,"r-lib/pkgdown","Multilingual websites","pull_request"
"Bisaloo","org","r-lib","https://github.com/r-lib/pkgdown/issues/2257","closed",2022-12-19 12:17:00,NA,"r-lib/pkgdown","`override` is ignored in `as_pkgdown()` on `pkgdown` objects","pull_request"
"Bisaloo","org","r-lib","https://github.com/r-lib/lintr/issues/1816","closed",2022-12-08 17:11:23,NA,"r-lib/lintr","Recommend `any(x != x[1])` instead of `anyDuplicated(x) == 0L` in `any_duplicated_linter()`","pull_request"
"Bisaloo","org","r-lib","https://github.com/r-lib/lintr/issues/1805","open",2022-12-06 13:27:29,NA,"r-lib/lintr","`use_lintr()` should add `.lintr` to `.Rbuildignore`","pull_request"
"Bisaloo","org","r-lib","https://github.com/r-lib/usethis/issues/1704","closed",2022-11-24 11:32:18,NA,"r-lib/usethis","Remind to add GitHub & pkgdown URLs for first release in `use_release_issue()`","pull_request"
"Bisaloo","org","r-lib","https://github.com/r-lib/lintr/issues/1764","closed",2022-11-06 13:07:58,NA,"r-lib/lintr","New `lint_colsums_rowsums()` linter","pull_request"
"Bisaloo","org","r-lib","https://github.com/r-lib/lintr/issues/1763","open",2022-11-06 12:44:48,NA,"r-lib/lintr","New `lint_setequal()` linter","pull_request"
"Bisaloo","org","r-lib","https://github.com/r-lib/actions/pull/649","closed",2022-10-24 15:25:03,NA,"r-lib/actions","Expose profile arg from renv::activate()","pull_request"
"Bisaloo","org","r-lib","https://github.com/r-lib/actions/issues/648","closed",2022-10-24 13:44:38,NA,"r-lib/actions","Expose `profile` argument in `setup-renv`","pull_request"
"Bisaloo","org","r-lib","https://github.com/r-lib/actions/pull/638","closed",2022-10-19 14:45:28,NA,"r-lib/actions","Rename lint-changed-files.yml to lint-changed-files.yaml","pull_request"
"Bisaloo","org","r-lib","https://github.com/r-lib/usethis/issues/1675","closed",2022-09-14 08:15:50,NA,"r-lib/usethis","`use_description(fields = list(Package = ""validname"")))` uses default name to check_name","pull_request"
"Bisaloo","org","r-lib","https://github.com/r-lib/pkgdown/pull/2193","closed",2022-09-07 16:24:23,NA,"r-lib/pkgdown","Fix link to issue for ko translation","pull_request"
"Bisaloo","org","r-lib","https://github.com/r-lib/lintr/issues/1531","closed",2022-09-06 16:28:19,NA,"r-lib/lintr","New linter: discourage the use of anonymous functions for trivial cases","pull_request"
"Bisaloo","org","r-lib","https://github.com/r-lib/lintr/pull/1528","closed",2022-09-01 15:02:16,NA,"r-lib/lintr","Add sort_linter()","pull_request"
"Bisaloo","org","r-lib","https://github.com/r-lib/lintr/issues/1512","closed",2022-08-26 09:28:20,NA,"r-lib/lintr","New linter: recommend `sort(x)` over `x[order(x)]`","pull_request"
"Bisaloo","org","r-lib","https://github.com/r-lib/lintr/issues/1503","closed",2022-08-24 13:45:22,NA,"r-lib/lintr","lintr::object_length_linter() does not work in the case of dependencies with no exports","pull_request"
"Bisaloo","org","r-lib","https://github.com/r-lib/pkgdown/issues/2185","closed",2022-08-23 14:20:57,NA,"r-lib/pkgdown","Twitter card validator is not working","pull_request"
"Bisaloo","org","r-lib","https://github.com/r-lib/actions/pull/597","closed",2022-08-13 08:11:25,NA,"r-lib/actions","Deploy via GHA workflow instead of gh-pages branch","pull_request"
"Bisaloo","org","r-lib","https://github.com/r-lib/pkgdown/issues/2129","closed",2022-06-14 15:44:21,NA,"r-lib/pkgdown","has_concept() selector doesn't work since pkgdown 2.0.4","pull_request"
"Bisaloo","org","r-lib","https://github.com/r-lib/testthat/issues/1621","open",2022-05-10 09:37:37,NA,"r-lib/testthat","Add markdown reporter","pull_request"
"Bisaloo","org","r-lib","https://github.com/r-lib/actions/issues/554","closed",2022-04-30 15:13:28,NA,"r-lib/actions","Run apt-get update before apt-get install","pull_request"
"Bisaloo","org","r-lib","https://github.com/r-lib/actions/pull/539","closed",2022-03-24 15:30:46,NA,"r-lib/actions","Add option to disable cache","pull_request"
"Bisaloo","org","r-lib","https://github.com/r-lib/actions/issues/530","closed",2022-03-16 15:06:04,NA,"r-lib/actions","Allow disabling cache in `setup-r-dependencies`","pull_request"
"Bisaloo","org","r-lib","https://github.com/r-lib/httr/pull/702","closed",2021-09-16 15:23:00,NA,"r-lib/httr","Fix argument value in return value docs","pull_request"
"Bisaloo","org","ropensci-review-tools","https://github.com/ropensci-review-tools/babeldown/pull/83","closed",2025-05-06 08:24:26,2025-05-06 13:55:13,"ropensci-review-tools/babeldown","Fail early when out_path targets a non-existing folder","pull_request"
"Bisaloo","org","ropensci-review-tools","https://github.com/ropensci-review-tools/babeldown/issues/82","closed",2025-05-05 09:47:50,2025-05-06 13:55:13,"ropensci-review-tools/babeldown","Late failure when output file is in a non-existing directory","pull_request"
"Bisaloo","org","ropensci-review-tools","https://github.com/ropensci-review-tools/pkgmatch/issues/86","open",2024-11-27 19:02:43,2025-05-06 13:55:13,"ropensci-review-tools/pkgmatch","How to compute idfs for a custom set of packages","pull_request"
"Bisaloo","org","ropensci-review-tools","https://github.com/ropensci-review-tools/pkgmatch/pull/85","closed",2024-11-27 18:52:20,2025-05-06 13:55:13,"ropensci-review-tools/pkgmatch","Allow getting ollama endpoint via an env var","pull_request"
"Bisaloo","org","ropensci-review-tools","https://github.com/ropensci-review-tools/pkgmatch/issues/83","closed",2024-11-26 20:07:50,2025-05-06 13:55:13,"ropensci-review-tools/pkgmatch","Allow setting custom ollama API endpoint location","pull_request"
"Bisaloo","org","ropensci-review-tools","https://github.com/ropensci-review-tools/babeldown/issues/72","open",2024-11-05 09:02:55,2025-05-06 13:55:13,"ropensci-review-tools/babeldown","Add an automated workflow to translate new contents?","pull_request"
"Bisaloo","org","ropensci-review-tools","https://github.com/ropensci-review-tools/pkgcheck/issues/151","open",2022-06-08 14:05:20,2025-05-06 13:55:13,"ropensci-review-tools/pkgcheck","Add suggested fixes for straightforward packaging issues","pull_request"
"Bisaloo","org","carpentries","https://github.com/carpentries/commons/pull/26","open",2025-07-16 15:40:48,NA,"carpentries/commons","Add deprecated illustrations from datacarpentry/R-ecology-lesson","pull_request"
"Bisaloo","org","carpentries","https://github.com/carpentries/workbench-template-rmd/pull/88","closed",2025-07-12 08:43:45,NA,"carpentries/workbench-template-rmd","Add basic devcontainer","pull_request"
"Bisaloo","org","carpentries","https://github.com/carpentries/sandpaper/issues/646","open",2025-04-09 14:23:27,NA,"carpentries/sandpaper","Remove the need for a custom `SANDPAPER_WORKFLOW` PAT","pull_request"
"Bisaloo","org","carpentries","https://github.com/carpentries/sandpaper/pull/645","open",2025-03-27 11:07:54,NA,"carpentries/sandpaper","Use lang from config for code chunks output","pull_request"
"Bisaloo","org","carpentries","https://github.com/carpentries/sandpaper/issues/644","open",2025-03-27 11:07:05,NA,"carpentries/sandpaper","Should code chunk output use the `lang` config setting?","pull_request"
"Bisaloo","org","carpentries","https://github.com/carpentries/actions/pull/101","closed",2025-02-25 16:08:39,NA,"carpentries/actions","Add shim to enable remotes (<= 2.5.0) support for ubuntu 24.04","pull_request"
"Bisaloo","org","carpentries","https://github.com/carpentries/sandpaper/pull/627","closed",2024-12-02 12:17:25,NA,"carpentries/sandpaper","Fix website preview","pull_request"
"Bisaloo","org","carpentries","https://github.com/carpentries/varnish/pull/155","closed",2024-10-31 09:52:09,NA,"carpentries/varnish","Load Sass variables early and use mono_font variable","pull_request"
"Bisaloo","org","carpentries","https://github.com/carpentries/varnish/pull/154","closed",2024-10-30 13:49:46,NA,"carpentries/varnish","Add NEWS item for #152","pull_request"
"Bisaloo","org","carpentries","https://github.com/carpentries/varnish/pull/152","closed",2024-10-24 14:07:45,NA,"carpentries/varnish","Use favicon for specific carpentries","pull_request"
"Bisaloo","org","carpentries","https://github.com/carpentries/varnish/pull/151","closed",2024-10-23 20:14:16,NA,"carpentries/varnish","Use a Sass variable for default font","pull_request"
"Bisaloo","org","carpentries","https://github.com/carpentries/sandpaper/pull/595","closed",2024-06-20 17:16:06,NA,"carpentries/sandpaper","Translate new dark theme toggle string to French","pull_request"
"Bisaloo","org","carpentries","https://github.com/carpentries/varnish/issues/143","closed",2024-06-20 12:11:37,NA,"carpentries/varnish","Contrast issue for (non-Rmarkdown) figure caption with dark theme","pull_request"
"Bisaloo","org","carpentries","https://github.com/carpentries/sandpaper/pull/590","closed",2024-05-27 12:37:41,NA,"carpentries/sandpaper","Update workflows README (typo + outdated info)","pull_request"
"Bisaloo","org","carpentries","https://github.com/carpentries/sandpaper/issues/579","closed",2024-04-05 08:56:33,NA,"carpentries/sandpaper","Missing translation strings","pull_request"
"Bisaloo","org","carpentries","https://github.com/carpentries/sandpaper/pull/578","closed",2024-04-05 08:45:27,NA,"carpentries/sandpaper","Create French translations","pull_request"
"Bisaloo","org","carpentries","https://github.com/carpentries/sandpaper/pull/577","closed",2024-03-25 14:46:51,NA,"carpentries/sandpaper","Upgrade official actions from GitHub","pull_request"
"Bisaloo","org","carpentries","https://github.com/carpentries/pegboard/pull/150","closed",2024-03-05 15:48:05,NA,"carpentries/pegboard","Remove trailing comma in glue::glue()","pull_request"
"Bisaloo","org","carpentries","https://github.com/carpentries/sandpaper/pull/526","closed",2023-09-26 10:42:53,NA,"carpentries/sandpaper","Avoid partial matching when extracting metadata element","pull_request"
"Bisaloo","org","carpentries","https://github.com/carpentries/sandpaper/issues/525","closed",2023-09-25 16:57:26,NA,"carpentries/sandpaper","Warning messages: In page_globals$meta : partial match of 'meta' to 'metadata'","pull_request"
"Bisaloo","org","carpentries","https://github.com/carpentries/actions/issues/85","closed",2023-09-13 07:11:50,NA,"carpentries/actions","""date"" is not an output of update-workflows","pull_request"
"Bisaloo","repo","bernadette-eu/Bernadette","https://github.com/bernadette-eu/Bernadette/pull/10","closed",2023-09-20 12:52:40,2024-01-12 16:23:49,"bernadette-eu/Bernadette","Remove non-existing stats::recode function from NAMESPACE","pull_request"
"Bisaloo","repo","mrc-ide/EpiEstim","https://github.com/mrc-ide/EpiEstim/pull/169","closed",2024-10-21 16:49:15,2025-05-21 11:01:07,"mrc-ide/EpiEstim","Create a custom pkgdown reference index","pull_request"
"Bisaloo","repo","mrc-ide/EpiEstim","https://github.com/mrc-ide/EpiEstim/pull/159","closed",2023-04-21 17:40:42,2025-05-21 11:01:07,"mrc-ide/EpiEstim","Add lint-changed-files workflow","pull_request"
"Bisaloo","repo","mrc-ide/EpiEstim","https://github.com/mrc-ide/EpiEstim/pull/158","closed",2023-04-17 15:33:27,2025-05-21 11:01:07,"mrc-ide/EpiEstim","Set up static code analysis with lintr and fix lints","pull_request"
"Bisaloo","repo","tobadia/R0","https://github.com/tobadia/R0/pull/18","open",2024-07-09 18:44:31,NA,"tobadia/R0","Encode Author & Maintainer as Authors@R","pull_request"
"Bisaloo","repo","tobadia/R0","https://github.com/tobadia/R0/pull/16","closed",2023-04-13 08:22:48,NA,"tobadia/R0","Set up static code analysis with lintr and fix lints","pull_request"
"Bisaloo","repo","tobadia/R0","https://github.com/tobadia/R0/pull/13","closed",2022-10-18 13:48:10,NA,"tobadia/R0","Convert docs to roxygen2","pull_request"
"Bisaloo","repo","tobadia/R0","https://github.com/tobadia/R0/pull/12","closed",2022-10-04 11:03:34,NA,"tobadia/R0","Add basic 'R CMD check' continuous integration via GitHub Actions","pull_request"
"Bisaloo","repo","tobadia/R0","https://github.com/tobadia/R0/issues/11","closed",2022-10-04 10:51:03,NA,"tobadia/R0","Invalid parameters are forwarded to `plot()` in `plot.R0.R()`","pull_request"
"Bisaloo","repo","tobadia/R0","https://github.com/tobadia/R0/pull/9","closed",2022-08-23 10:32:29,NA,"tobadia/R0","Fix R CMD check errors","pull_request"
"Bisaloo","repo","roStats/RSurveillance","https://github.com/roStats/RSurveillance/pull/1","open",2024-07-09 19:01:04,NA,"roStats/RSurveillance","Encode Author & Maintainer as Authors@R","pull_request"
"Bisaloo","repo","nickreich/coarseDataTools","https://github.com/nickreich/coarseDataTools/pull/58","closed",2023-04-25 12:00:58,2023-04-28 19:51:51,"nickreich/coarseDataTools","Set up lintr continuous integration and fix lints","pull_request"
"Bisaloo","repo","bisaloo/contactdata","https://github.com/socialcontactdata/contactdata/pull/21","closed",2025-07-11 10:39:47,2025-07-11 10:51:36,"bisaloo/contactdata","Update URLs with new GitHub owner","pull_request"
"Bisaloo","repo","bisaloo/contactdata","https://github.com/socialcontactdata/contactdata/pull/20","closed",2024-12-05 17:36:57,2025-07-11 10:51:36,"bisaloo/contactdata","Use [start,end) notation for age groups","pull_request"
"Bisaloo","repo","bisaloo/contactdata","https://github.com/socialcontactdata/contactdata/pull/19","closed",2024-12-05 16:48:05,2025-07-11 10:51:36,"bisaloo/contactdata","Add snapshots for list_countries()","pull_request"
"Bisaloo","repo","bisaloo/contactdata","https://github.com/socialcontactdata/contactdata/pull/16","closed",2024-11-10 10:42:42,2025-07-11 10:51:36,"bisaloo/contactdata","Update GHA workflows","pull_request"
"Bisaloo","repo","bisaloo/contactdata","https://github.com/socialcontactdata/contactdata/issues/15","closed",2024-10-15 11:45:15,2025-07-11 10:51:36,"bisaloo/contactdata","Harmonize interval bounds between contact and demography data","pull_request"
"Bisaloo","repo","bisaloo/contactdata","https://github.com/socialcontactdata/contactdata/issues/14","closed",2024-09-25 14:36:41,2025-07-11 10:51:36,"bisaloo/contactdata","Release contactdata 1.1.0","pull_request"
"Bisaloo","repo","bisaloo/contactdata","https://github.com/socialcontactdata/contactdata/pull/13","open",2024-04-22 18:18:12,2025-07-11 10:51:36,"bisaloo/contactdata","Integrate with contactmatrix package","pull_request"
"Bisaloo","repo","bisaloo/contactdata","https://github.com/socialcontactdata/contactdata/pull/12","closed",2023-09-05 08:45:52,2025-07-11 10:51:36,"bisaloo/contactdata","Fix order in age data by adding leading 0 to one-digit age","pull_request"
"Bisaloo","repo","bisaloo/contactdata","https://github.com/socialcontactdata/contactdata/issues/11","closed",2023-03-22 11:21:16,2025-07-11 10:51:36,"bisaloo/contactdata","Age groups are not ordered correctly in `visualise_age.Rmd`","pull_request"
"Bisaloo","repo","bisaloo/contactdata","https://github.com/socialcontactdata/contactdata/issues/10","closed",2023-03-22 09:32:22,2025-07-11 10:51:36,"bisaloo/contactdata","Release contactdata 1.0.0","pull_request"
"Bisaloo","repo","bisaloo/contactdata","https://github.com/socialcontactdata/contactdata/pull/9","closed",2023-03-22 09:09:28,2025-07-11 10:51:36,"bisaloo/contactdata","Revert #7","pull_request"
"Bisaloo","repo","bisaloo/contactdata","https://github.com/socialcontactdata/contactdata/pull/8","closed",2023-03-21 14:56:50,2025-07-11 10:51:36,"bisaloo/contactdata","Add lintr CI","pull_request"
"Bisaloo","repo","bisaloo/contactdata","https://github.com/socialcontactdata/contactdata/pull/7","closed",2023-03-21 14:32:38,2025-07-11 10:51:36,"bisaloo/contactdata","Rename ""country"" to ""geographical region"" in docs","pull_request"
"Bisaloo","repo","bisaloo/contactdata","https://github.com/socialcontactdata/contactdata/issues/6","closed",2023-02-09 10:33:35,2025-07-11 10:51:36,"bisaloo/contactdata","Use 'region' rather than 'country' wherever possible","pull_request"
"Bisaloo","repo","bisaloo/contactdata","https://github.com/socialcontactdata/contactdata/issues/5","open",2023-02-01 09:25:00,2025-07-11 10:51:36,"bisaloo/contactdata","Switch to an arrow-like partition structure for bundled data","pull_request"
"Bisaloo","repo","bisaloo/contactdata","https://github.com/socialcontactdata/contactdata/pull/4","closed",2023-01-31 10:35:02,2025-07-11 10:51:36,"bisaloo/contactdata","Add updated data","pull_request"
"Bisaloo","repo","bisaloo/contactdata","https://github.com/socialcontactdata/contactdata/pull/3","closed",2023-01-31 09:21:06,2025-07-11 10:51:36,"bisaloo/contactdata","Improve tests and docs","pull_request"
"Bisaloo","repo","bisaloo/contactdata","https://github.com/socialcontactdata/contactdata/issues/2","open",2022-09-07 07:54:31,2025-07-11 10:51:36,"bisaloo/contactdata","Unify contactdata and socialmixr","pull_request"
"Bisaloo","repo","reconverse/incidence2","https://github.com/reconverse/incidence2/issues/110","closed",2023-12-04 12:17:15,2023-12-04 21:03:42,"reconverse/incidence2","`plot.incidence2()` fails with `grates_period` dates","issue"
"Bisaloo","repo","reconverse/incidence2","https://github.com/reconverse/incidence2/issues/104","closed",2023-04-17 12:24:05,2023-12-04 21:03:42,"reconverse/incidence2","Should `complete_dates()` use a different default `by` argument for POSIXct dates?","issue"
"Bisaloo","repo","reconverse/incidence2","https://github.com/reconverse/incidence2/issues/82","closed",2022-11-21 11:00:32,2023-12-04 21:03:42,"reconverse/incidence2","incidence() works with POSIXt columns when interval = ""week"" but interval = ""day""","issue"
"Bisaloo","repo","reconverse/incidence2","https://github.com/reconverse/incidence2/issues/81","closed",2022-10-26 14:06:12,2023-12-04 21:03:42,"reconverse/incidence2","Warning about change in tidyselect","issue"
"Bisaloo","repo","alxsrobert/o2geosocial","https://github.com/alxsrobert/o2geosocial/issues/2","closed",2024-03-15 09:54:19,2024-03-26 10:08:39,"alxsrobert/o2geosocial","Package has been archived on CRAN","issue"
"BlackEdder","repo","msberends/AMR","https://github.com/msberends/AMR/pull/181","closed",2025-01-14 13:20:27,2025-01-16 10:57:25,"msberends/AMR","feat: Remove leading equal signs before mic levels","pull_request"
"BlackEdder","repo","msberends/AMR","https://github.com/msberends/AMR/issues/180","closed",2025-01-14 10:53:11,2025-01-16 10:57:25,"msberends/AMR","Should `as.mic` handle leading `==` and `=`?","pull_request"
"chartgerink","org","ropensci","https://github.com/ropensci/allcontributors/pull/37","closed",2024-02-28 08:52:27,2024-05-15 11:24:06,"ropensci/allcontributors","Add rate limit checking","pull_request"
"chartgerink","org","ropensci","https://github.com/ropensci/allcontributors/issues/36","closed",2024-02-14 15:33:13,2024-05-15 11:24:06,"ropensci/allcontributors","GitHub rate limit exceeded without warning/error","pull_request"
"chartgerink","org","ropensci","https://github.com/ropensci/allcontributors/pull/35","closed",2024-01-31 11:38:30,2024-05-15 11:24:06,"ropensci/allcontributors","Add feature to scan multiple paths at once","pull_request"
"chartgerink","org","ropensci","https://github.com/ropensci/allcontributors/issues/34","closed",2024-01-30 11:14:13,2024-05-15 11:24:06,"ropensci/allcontributors","Feature: Directory level contributor scanning","pull_request"
"chartgerink","org","ropensci","https://github.com/ropensci/allcontributors/pull/33","closed",2024-01-30 10:26:29,2024-05-15 11:24:06,"ropensci/allcontributors","Add support for `.qmd` files","pull_request"
"chartgerink","org","r-lib","https://github.com/r-lib/usethis/issues/1998","closed",2024-06-03 16:03:19,2024-06-05 13:34:00,"r-lib/usethis","`use_tidy_thanks()` does not return markdown string","issue"
"Degoot-AM","repo","bisaloo/contactdata","https://github.com/socialcontactdata/contactdata/pull/18","closed",2024-12-05 12:20:43,2025-07-11 10:52:35,"bisaloo/contactdata","Issue#16","pull_request"
"jamesmbaazam","org","r-lib","https://github.com/r-lib/pak/issues/755","open",2025-03-13 17:31:51,NA,"r-lib/pak","Install `citeproc` instead of `pandoc-citeproc` when latter required","issue"
"jamesmbaazam","repo","reconhub/epicontacts","https://github.com/reconhub/epicontacts/issues/133","closed",2023-05-12 13:39:19,2025-01-20 14:19:17,"reconhub/epicontacts","Address `devtools::check()` warning and note","pull_request"
"jamesmbaazam","repo","reconhub/epicontacts","https://github.com/reconhub/epicontacts/pull/132","closed",2023-05-12 13:18:58,2025-01-20 14:19:17,"reconhub/epicontacts","Remove deprecation warning from `print.epicontacts()`","pull_request"
"jamesmbaazam","repo","reconhub/epicontacts","https://github.com/reconhub/epicontacts/issues/131","closed",2023-05-12 13:16:41,2025-01-20 14:19:17,"reconhub/epicontacts","Remove `tbl_df()` deprecation warning ","pull_request"
"jamesmbaazam","repo","SineadMorris/shinySIR","https://github.com/SineadMorris/shinySIR/issues/1","closed",2024-05-31 11:45:55,2024-06-12 17:31:48,"SineadMorris/shinySIR","Expose model options in `model` argument of `run_shiny()`","issue"
"joshwlambert","org","ropensci","https://github.com/ropensci/spelling/issues/87","open",2024-10-30 16:14:16,NA,"ropensci/spelling","Alphabetical order of `WORDLIST` from `update_wordlist()`","issue"
"joshwlambert","org","r-lib","https://github.com/r-lib/pkgdown/issues/2867","closed",2025-03-13 16:26:04,2025-03-15 13:08:53,"r-lib/pkgdown","YAML comment at start of R code chunk for alt text","issue"
"joshwlambert","repo","reconhub/epicontacts","https://github.com/reconhub/epicontacts/issues/138","closed",2024-04-26 15:21:51,2024-04-30 12:00:07,"reconhub/epicontacts","New package version & CRAN release?","pull_request"
"joshwlambert","repo","reconhub/epicontacts","https://github.com/reconhub/epicontacts/pull/136","closed",2024-02-15 16:11:36,2024-04-30 12:00:07,"reconhub/epicontacts","Fix scenario where `id` is duplicated in `make_epicontacts()`","pull_request"
"joshwlambert","repo","reconhub/epicontacts","https://github.com/reconhub/epicontacts/issues/135","closed",2024-02-15 16:03:11,2024-04-30 12:00:07,"reconhub/epicontacts","Bug when line list first column is `id` and not selected as id ","pull_request"
"joshwlambert","repo","reconverse/incidence2","https://github.com/reconverse/incidence2/issues/114","open",2024-04-17 09:15:46,NA,"reconverse/incidence2","Document how to handle grouped line list columns","issue"
"sbfnk","org","ropensci","https://github.com/ropensci/allcontributors/pull/41","closed",2024-07-17 09:20:34,2024-07-17 10:38:45,"ropensci/allcontributors","only check line after Contributors if it exists","pull_request"
"sbfnk","org","ropensci","https://github.com/ropensci/allcontributors/issues/40","closed",2024-07-17 09:10:33,2024-07-17 10:38:45,"ropensci/allcontributors","`add_contributors` fails if `## Contributors` is the last line of README.Rmd","pull_request"
"sbfnk","org","ropensci","https://github.com/ropensci/allcontributors/issues/38","closed",2024-05-14 12:52:02,2024-07-17 10:38:45,"ropensci/allcontributors","429 errors with `add_contributors()`","pull_request"
"sbfnk","org","ropensci","https://github.com/ropensci/roweb3/pull/760","closed",2024-05-01 11:02:07,2024-07-17 10:38:45,"ropensci/roweb3","fix typo","pull_request"
"sbfnk","org","ropensci","https://github.com/ropensci/dev_guide/pull/787","closed",2024-01-05 14:31:55,2024-07-17 10:38:45,"ropensci/dev_guide","Issue #786: get html text directly","pull_request"
"sbfnk","org","ropensci","https://github.com/ropensci/dev_guide/issues/786","closed",2024-01-05 14:21:38,2024-07-17 10:38:45,"ropensci/dev_guide","dev guide citation does not render correctly","pull_request"
"sbfnk","repo","bisaloo/contactdata","https://github.com/socialcontactdata/contactdata/issues/17","closed",2024-11-20 14:07:35,2025-03-04 17:20:13,"bisaloo/contactdata","Package name","issue"
"ben18785","org","ropensci","https://github.com/ropensci/tarchetypes/issues/120","closed",2022-11-11 12:43:46,2022-11-11 16:10:29,"ropensci/tarchetypes","Branches not in metadata: branches out of range","issue"
"ben18785","org","r-lib","https://github.com/r-lib/pkgdown/issues/1990","closed",2022-01-05 01:06:29,2022-01-05 03:08:13,"r-lib/pkgdown","Linking to other vignettes within package using a custom link text","issue"
"PaulC91","org","r-lib","https://github.com/r-lib/scales/issues/346","closed",2022-04-15 16:36:08,2023-11-01 13:43:38,"r-lib/scales","Error: Smallest value of `scales_cut` must be zero","issue"
"rebeccanash","repo","mrc-ide/EpiEstim","https://github.com/mrc-ide/EpiEstim/pull/163","closed",2023-10-04 11:34:57,2023-10-05 07:44:52,"mrc-ide/EpiEstim","Plots","pull_request"
"rebeccanash","repo","mrc-ide/EpiEstim","https://github.com/mrc-ide/EpiEstim/pull/160","closed",2023-06-26 16:14:57,2023-10-05 07:44:52,"mrc-ide/EpiEstim","Recon opt","pull_request"
"rebeccanash","repo","mrc-ide/EpiEstim","https://github.com/mrc-ide/EpiEstim/pull/156","closed",2022-11-30 13:43:25,2023-10-05 07:44:52,"mrc-ide/EpiEstim","Weekly","pull_request"
"rebeccanash","repo","mrc-ide/EpiEstim","https://github.com/mrc-ide/EpiEstim/pull/145","closed",2022-04-01 16:32:11,2023-10-05 07:44:52,"mrc-ide/EpiEstim","remove browser()","pull_request"
"rebeccanash","repo","mrc-ide/EpiEstim","https://github.com/mrc-ide/EpiEstim/pull/143","closed",2022-03-30 13:18:59,2023-10-05 07:44:52,"mrc-ide/EpiEstim","Updated README and vignettes","pull_request"
